{"RuleTriggered": 0, "Violations": 0, "Details": {"Network": {"algo-1": {"max": 102429600.84, "p99": 63.99, "p95": 0, "p50": 0, "min": 0}}, "GPU": {"algo-1": {"max": 94.0, "p99": 92.44, "p95": 89.0, "p50": 35.0, "min": 0}}, "CPU": {"algo-1": {"max": 100.0, "p99": 98.47, "p95": 95.38, "p50": 40.3, "min": 9.45}}, "CPU memory": {"algo-1": {"max": 29.03, "p99": 27.24, "p95": 24.56, "p50": 23.9, "min": 5.24}}, "GPU memory": {"algo-1": {"max": 85.0, "p99": 84.0, "p95": 81.2, "p50": 35.0, "min": 0}}, "I/O": {"algo-1": {"max": 51.35, "p99": 24.48, "p95": 15.36, "p50": 0, "min": 0}}}, "Datapoints": 2656, "RuleParameters": ""}